"Form","Fitted once for CONUS (green-up / curing MAE, days)","Fitted once for CONUS (curing r)","Fitted once for CONUS (curing dates produced)","Fitted once for CONUS (curing error where the GSI gives a date: GSI / typical date)","Per region: Climate A2 (+ timing, variability), 7 (green-up / curing MAE, days)","Per region: Climate A2 (+ timing, variability), 7 (curing r)","Per region: Climate A2 (+ timing, variability), 7 (curing dates produced)","Per region: Climate A2 (+ timing, variability), 7 (curing error where the GSI gives a date: GSI / typical date)","Per region: Climate A2 (+ timing, variability), 13 (green-up / curing MAE, days)","Per region: Climate A2 (+ timing, variability), 13 (curing r)","Per region: Climate A2 (+ timing, variability), 13 (curing dates produced)","Per region: Climate A2 (+ timing, variability), 13 (curing error where the GSI gives a date: GSI / typical date)"
"KBDI; share of season (20 / 50 %)","37 / 59","0.12","69 %","60 / 45","28 / 51","0.15","71 %","47 / 43","27 / 53","0.10","78 %","53 / 46"
"90-day precip; share of season (20 / 50 %)","31 / 59","0.06","100 %","59 / 48","25 / 53","0.10","85 %","51 / 46","25 / 53","0.09","89 %","52 / 47"
"KBDI; share of season, fitted","33 / 58","0.13","80 %","58 / 46","26 / 51","0.13","76 %","47 / 43","27 / 53","0.11","79 %","52 / 45"
"90-day precip; share of season, fitted","30 / 57","0.07","100 %","57 / 48","27 / 53","0.10","89 %","52 / 47","25 / 53","0.08","89 %","52 / 47"
"KBDI; NFDRS4 levels (GU, (1+GU)/2)","35 / 51","0.14","13 %","57 / 34","28 / 50","0.13","36 %","46 / 40","27 / 50","0.15","38 %","45 / 41"
"90-day precip; NFDRS4 levels (GU, (1+GU)/2)","35 / 53","0.08","40 %","49 / 37","27 / 50","0.11","38 %","45 / 39","28 / 50","0.12","36 %","44 / 41"
"KBDI; GSI levels, fitted","33 / 48","-0.04","0 %","41 / 18","27 / 50","0.15","29 %","43 / 39","28 / 49","0.15","29 %","43 / 39"
"90-day precip; GSI levels, fitted","31 / 49","0.24","13 %","37 / 33","27 / 49","0.17","27 %","41 / 38","27 / 49","0.18","30 %","42 / 40"
"Best form per region","31 / 49","0.24","13 %","37 / 33","27 / 49","0.15","29 %","41 / 38","26 / 48","0.21","38 %","40 / 41"
"Cell's typical date (no weather)","27 / 48","","","","27 / 48","","","","27 / 48","","",""
