"model","sos_mae","sos_mdae","sos_within30","sos_anom_r","cure_mae","cure_mdae","cure_within30","cure_anom_r"
"GSI, FEMS defaults",37.4470238576507,23.3673210144043,0.576335877862595,0.156888176027797,62.0963860524826,98.0270385742188,0.27281242411277,0.0402066107993111
"GSI, NFDRS defaults",41.4534222399424,28.6925163269043,0.513811411235075,0.236040407615172,60.6122780101601,86.0538215637207,0.284642159186836,0.0497722822545925
"Cell's typical date (no weather)",27.1591801491477,13.217679977417,0.714229790565668,NA,48.281541644473,39.7886123657227,0.435722793343895,NA
"GSI fitted once for CONUS (best moisture option)",31.8285000611322,16.6940269470215,0.666629966725387,0.169947620335739,58.7617168855175,78.3355255126953,0.306913977126866,0.0515025311670959
"Per region: Climate A1 (seasonal climate), 7",27.6498997950709,14.1350784301758,0.704002740262282,0.384594774047542,54.6349763676586,60,0.344750627334436,0.111949307667901
"Per region: Climate A1 (seasonal climate), 13",27.9791828161732,14.0014419555664,0.699464180857311,0.351561642156883,54.1609621568498,60,0.34917955063196,0.0938009470010445
"Per region: Climate A2 (+ timing, variability), 7",28.4405557290398,15.1483306884766,0.681970542180466,0.38825188792859,54.017600711213,60,0.335118008256531,0.0872957679880826
"Per region: Climate A2 (+ timing, variability), 13",27.9268695699132,14.2810516357422,0.684356038363672,0.392268693886923,53.101205159203,60,0.346843669414989,0.120418218756287
"Per region: Climate A2, herbaceous-weighted, 7",29.4684528438645,16.4813461303711,0.643753669994128,0.423648775209751,52.2614345077433,60,0.321229922407114,0.113923559098528
"Per region: Climate A2, herbaceous-weighted, 13",27.8323556185712,14.4496688842773,0.68351193971423,0.385927271835053,52.8787691325602,60,0.341755611318617,0.119580242985174
