"figure","profile","extent","years","made"
"block1_iqr","dev","Arizona test area (dev)","2024-2025","2026-10-06"
"block1_iqr","full","CONUS","2002-2025","2026-10-07"
"block1_medians","dev","Arizona test area (dev)","2024-2025","2026-10-06"
"block1_medians","full","CONUS","2002-2025","2026-10-07"
"cutb_curves","dev","Arizona test area (dev)","2023-2025","2026-10-06"
"cutb_curves","full","CONUS","2021-2023","2026-10-07"
"cutb_peak","dev","Arizona test area (dev)","2025","2026-10-06"
"cutb_peak","full","CONUS","2023","2026-10-07"
"domain","dev","Arizona test area (dev)","NLCD 2001, 2012, 2024","2026-10-06"
"domain","full","CONUS","NLCD 2001, 2012, 2024","2026-10-07"
"eval_curves","full","CONUS","2001-2025","2026-10-08"
"eval_obs","full","CONUS","site medians across years","2026-10-08"
"obs_sites","full","CONUS","site medians","2026-10-07"
"prof_curves_A1_groups_k10","full","CONUS","2001-2025","2026-10-08"
"prof_curves_A2_groups_k07","full","CONUS","2001-2025","2026-10-08"
"prof_curves_A2_groups_k13","full","CONUS","2001-2025","2026-10-08"
"prof_curves_A2_herbw_k13","full","CONUS","2001-2025","2026-10-08"
"prof_heat_A1_groups_k10","full","CONUS","2001-2025","2026-10-08"
"prof_heat_A2_groups_k07","full","CONUS","2001-2025","2026-10-08"
"prof_heat_A2_groups_k13","full","CONUS","2001-2025","2026-10-08"
"prof_heat_A2_herbw_k13","full","CONUS","2001-2025","2026-10-08"
"prof_map_A1_groups_k10","full","CONUS","2001-2025","2026-10-08"
"prof_map_A2_groups_k07","full","CONUS","2001-2025","2026-10-08"
"prof_map_A2_groups_k13","full","CONUS","2001-2025","2026-10-08"
"prof_map_A2_herbw_k13","full","CONUS","2001-2025","2026-10-08"
"prof_obs_A1_groups_k10","full","CONUS","site medians across years","2026-10-08"
"prof_obs_A2_groups_k07","full","CONUS","site medians across years","2026-10-08"
"prof_obs_A2_groups_k13","full","CONUS","site medians across years","2026-10-08"
"prof_obs_A2_herbw_k13","full","CONUS","site medians across years","2026-10-08"
"regions","full","CONUS","2001-2025","2026-10-08"
