"fine","coarse","cells","share_of_fine"
1,1,45509,1
2,2,22589,0.788006697830182
2,1,6066,0.211609572315635
2,7,11,0.000383729854182655
3,2,29888,0.873764836578378
3,4,4041,0.118137168917734
3,7,202,0.00590539671402678
3,5,74,0.00216336315266328
3,3,1,2.92346371981524e-05
4,3,10851,0.961968085106383
4,2,429,0.038031914893617
5,1,41673,0.566609561102953
5,6,31354,0.426306629684016
5,7,492,0.00668950889215206
5,2,29,0.000394300320878882
6,4,31677,0.894072819644369
6,5,3522,0.0994072819644369
6,7,231,0.0065198983911939
7,5,27277,0.922548787499577
7,7,2226,0.0752866371292319
7,4,64,0.00216457537119085
8,6,63787,0.999921620265864
8,5,5,7.83797341359418e-05
9,5,15132,0.874682080924855
9,4,1843,0.106531791907514
9,6,255,0.0147398843930636
9,1,50,0.00289017341040462
9,3,20,0.00115606936416185
10,7,56951,0.983541724233214
10,2,851,0.014696739430782
10,4,98,0.00169245647969052
10,5,4,6.90798563138989e-05
11,3,11856,0.979106449748121
11,4,253,0.0208935502518788
12,4,22760,0.954417746467061
12,3,1024,0.0429404117918396
12,2,63,0.00264184174109951
13,7,29722,0.613178742366727
13,6,18750,0.386821257633273
