"Region","Share of land","Herbaceous cells","Mean temp. (C)","Precip. (mm)","Aridity (P/PET)","Jul-Sep share","Freeze-free (days)","Rain onset","Precip. CV","Green-up","NDVI peak","Curing","NDVI amplitude","Season from"
1,"12%"," 6,323","19.4","1,348","0.97","0.29","266","May  6","0.20","Mar 14","May 29","Oct 11","0.25","herbaceous cells"
2,"7%","20,484","15","487","0.34","0.38","204","May 16","0.29","Apr 15","Aug 13","Oct 27","0.18","herbaceous cells"
3,"7%","25,872","12.5","286","0.21","0.43","181","Jul 10","0.25","Jun 13","Aug 29","Oct 22","0.07","herbaceous cells"
4,"5%","15,965","18","165","0.11","0.15","306","Oct  1","0.47","Jan 23","Mar 26","May 11","0.08","herbaceous cells"
5,"17%"," 3,175","14","1,231","1.07","0.26","205","May  3","0.17","Apr  1","Jun 18","Oct 14","0.40","herbaceous cells"
6,"10%","34,076","8.95","269","0.24","0.11","141","Jul 19","0.25","Mar 23","May 25","Jun 14","0.11","herbaceous cells"
7,"6%","10,888","4.36","625","0.72","0.16","95.5","May 10","0.17","Apr 13","Jun 26","Jul 13","0.32","herbaceous cells"
8,"18%","   188","7.98","931","1.01","0.30","162","May  3","0.17","Apr 16","Aug  1","Oct 12","0.55","all cells"
9,"5%"," 2,202","9.98","1,224","1.28","0.05","184","May 10","0.15","Mar 15","May 25","Jul  5","0.18","herbaceous cells"
10,"14%","36,254","7.33","450","0.43","0.33","145","May  8","0.24","Apr  9","Jun 18","Aug  5","0.28","herbaceous cells"
